Sex ,Birthday,AgeTrafficked,YearTrafficked,OriginProvince,DestinationProvince
female,,3d,2008,hebei,hebei
male,,,2008,hebei,hebei
male,20070301,1.75y,2008,hebei,hebei
male,,1m,2008,yunan,hebei
male,,7m,2008,hebei,hebei
female,,15d,2008,hebei,shanxi
male,20080110,10d,2008,shanxi,shandong
male,,10d,2008,shanxi,shandong
male,,10d,2008,shanxi,shandong
male,,20d,2008,shanxi,shandong
male,,20d,2008,shanxi,shandong
male,,20d,2008,shanxi,shandong
female,,0.5y,2008,yunan,hebei
male,,0.5y,2008,jiangsu,jiangsu
male,,0.5y,2008,jiangsu,jiangsu
female,,0.5y,2008,yunan,hebei
male,,0.5y,2008,yunan,jiangsu
female,,,2008,zhejiang,jiangsu
female,,,2008,zhejiang,jiangsu
female,,,2008,zhejiang,jiangsu
female,,,2008,zhejiang,jiangsu
female,,,2008,yunan,jiangsu
male,,,2008,yunan,shandong
male,,1d,2008,sichuan,shandong
female,,1d,2008,sichuan,shandong
male,,,2008,guizhou,jiangsu
male,,1m,2008,anhui,anhui
male,,5d,2008,hubei,anhui
male,,,2008,fujian,fujian
male,20080623,4m,2008,henan,fujian
male,,,2008,yunan,fujian
male,,,2008,yunan,fujian
male,,,2008,yunan,fujian
male,20080630,1m,2008,jiangxi,jiangxi
male,20080401,1d,2008,shandong,shandong
female,,0.5y,2008,shandong,shandong
female,,0.5y,2008,shandong,shandong
female,,0.5y,2008,zhejiang,shandong
female,,0.5y,2008,shandong,shandong
female,,1m,2008,shandong,shandong
female,,5m,2008,shandong,shandong
male,20080602,8d,2008,shandong,shandong
male,,2d,2008,shandong,shandong
female,,25d,2008,shandong,shandong
male,,14m,2008,shandong,shandong
male,,,2008,shandong,henan
female,,0.5y,2008,shandong,shandong
female,20080925,5d,2008,guangdong,henan
female,20080816,5d,2008,guangdong,henan
female,20080517,3m,2008,guangdong,henan
female,20080922,5d,2008,guangdong,henan
female,,0.5y,2008,guangdong,henan
female,,0.5y,2008,guangdong,henan
male,20080111,0.1d,2008,henan,henan
female,,0.5y,2008,henan,henan
female,,0.5y,2008,henan,henan
female,,1m,2008,yunan,henan
female,,1m,2008,yunan,henan
male,,1m,2008,henan,henan
male,,0.5y,2008,henan,henan
male,,0.5y,2008,henan,henan
male,,0.5y,2008,henan,henan
male,,0.5y,2008,henan,henan
female,,0.5y,2008,henan,henan
female,,0.5y,2008,henan,henan
female,,0.5y,2008,henan,henan
female,,1m,2008,henan,henan
male,,2d,2008,henan,henan
female,,0.5y,2008,henan,henan
male,,0.5y,2008,shanxi,henan
female,,0.5y,2008,henan,henan
female,,0.5y,2008,henan,henan
female,,0.5y,2008,henan,henan
female,,0.5y,2008,henan,henan
female,,0.5y,2008,henan,henan
female,,1m,2008,henan,henan
female,,0.5y,2008,henan,henan
female,,0.5y,2008,henan,henan
female,,1m,2008,henan,henan
female,20080901,2m,2008,henan,henan
female,,0.5y,2008,henan,henan
female,,0.5y,2008,henan,henan
female,,0.5y,2008,henan,henan
female,,0.5y,2008,henan,henan
female,,0.5y,2008,henan,henan
female,20080901,2m,2008,henan,henan
female,,0.5y,2008,henan,henan
female,,0.5y,2008,guizhou,henan
female,,0.5y,2008,guizhou,henan
female,,0.5y,2008,guizhou,henan
female,,0.5y,2008,guizhou,henan
female,,3.5y,2008,guizhou,henan
female,,0.5y,2008,guizhou,henan
female,,0.5y,2008,henan,henan
female,,0.5y,2008,henan,henan
female,,0.5y,2008,henan,henan
female,,0.5y,2008,guizhou,henan
female,,0.5y,2008,henan,henan
female,,0.5y,2008,henan,henan
male,,5d,2008,henan,henan
female,,0.5y,2008,henan,henan
male,,0.5y,2008,henan,henan
female,,0.5y,2008,henan,henan
female,20080527,1m,2008,guizhou,henan
male,,2y,2008,henan,henan
male,,10m,2008,henan,henan
female,,0.5y,2008,henan,henan
male,20080205,9d,2008,shanxi,henan
female,,1m,2008,henan,henan
female,,,2008,henan,henan
male,,5d,2008,henan,henan
female,,0.5y,2008,shanxi,henan
female,,0.5y,2008,shanxi,henan
female,,0.5y,2008,sichuan,henan
female,,0.5y,2008,henan,henan
female,,0.5y,2008,henan,henan
female,20051128,2y,2008,henan,henan
male,20081028,1d,2008,henan,henan
male,,5d,2008,henan,henan
male,20081101,3d,2008,henan,henan
female,,0.5y,2008,jiangxi,henan
female,,1m,2008,henan,anhui
male,,4y,2008,henan,henan
male,,0.5y,2008,sichuan,henan
female,,0.5y,2008,yunan,shandong
female,,0.5y,2008,yunan,shandong
female,,0.5y,2008,yunan,shandong
female,,0.5y,2008,yunan,shandong
female,,0.5y,2008,yunan,shandong
male,20081116,1m,2008,hunan,hunan
male,20070101,15m,2008,guangxi,guangxi
female,,12d,2008,guangxi,henan
female,,4d,2008,guangxi,henan
female,,4d,2008,guangxi,henan
male,,4y,2008,shanxi,shanxi
male,,3d,2008,sichuan,sichuan
male,,4m,2008,sichuan,henan
female,,3d,2008,guizhou,guizhou
male,,,2008,fujian,fujian
male,,,2008,shandong,shandong
female,,,2008,shandong,shandong
male,,,2008,shandong,shandong
male,,,2008,shandong,shandong
male,,,2008,shandong,shandong
female,,,2008,yunan,henan
female,,,2008,yunan,henan
female,,,2008,yunan,henan
female,,,2008,yunan,henan
female,,,2008,henan,henan
female,,,2008,henan,henan
male,,,2008,henan,henan
male,,,2008,yunan,henan
male,,,2008,henan,henan
male,,,2008,henan,henan
female,,,2008,guangxi,henan
female,,,2008,guangxi,henan
female,,,2008,guangxi,henan
male,,,2008,henan,henan
female,,,2008,henan,henan
female,,,2008,sichuan,shandong
male,,,2008,sichuan,henan
male,,,2008,henan,henan
male,,2y,2009,hubei,beijing
male,,0.5y,2009,hebei,hebei
male,20091025,45d,2009,hebei,hebei
male,20090401,1d,2009,hebei,hebei
male,20090513,1d,2009,hebei,hebei
female,,1m,2009,hebei,hebei
female,,3d,2009,hebei,hebei
female,20090301,1d,2009,hebei,hebei
male,,1y,2009,hebei,hebei
female,,25d,2009,hebei,hebei
male,20090509,4m,2009,shanghai,shandong
female,,0.5y,2009,guizhou,shanghai
female,20090115,1m,2009,jiangsu,shandong
female,,0.5y,2009,yunan,shandong
female,,0.5y,2009,yunan,jiangsu
female,,0.5y,2009,yunan,jiangsu
female,,0.5y,2009,yunan,jiangsu
male,,0.5y,2009,yunan,jiangsu
female,,0.5y,2009,yunan,shandong
female,,0.5y,2009,yunan,jiangsu
male,,0.5y,2009,jiangsu,shandong
female,,0.5y,2009,yunan,jiangsu
female,,0.5y,2009,yunan,jiangsu
male,,0.5y,2009,yunan,jiangsu
male,,0.5y,2009,yunan,jiangsu
male,,0.5y,2009,yunan,yunan
male,,0.5y,2009,yunan,yunan
female,,0.5y,2009,yunan,jiangsu
male,,0.5y,2009,yunan,fujian
male,,0.5y,2009,yunan,fujian
female,,0.5y,2009,yunan,henan
male,,0.5y,2009,yunan,henan
male,,0.5y,2009,yunan,anhui
male,20090717,1d,2009,jiangsu,jiangsu
male,20091103,1d,2009,jiangsu,jiangsu
female,,5d,2009,guizhou,jiangsu
male,,0.5y,2009,sichuan,jiangsu
female,,,2009,zhejiang,jiangsu
female,,,2009,guizhou,jiangsu
male,,,2009,sichuan,jiangsu
female,,,2009,guizhou,jiangsu
male,,,2009,zhejiang,shandong
male,,,2009,sichuan,jiangsu
male,,,2009,sichuan,jiangsu
male,,,2009,sichuan,shandong
male,,,2009,yunan,jiangsu
female,,,2009,yunan,jiangsu
male,,,2009,yunan,jiangsu
male,,,2009,sichuan,shandong
male,20090115,1d,2009,zhejiang,zhejiang
,,5d,2009,yunan,anhui
female,,10d,2009,hubei,anhui
male,,,2009,fujian,fujian
male,,,2009,fujian,fujian
male,20060820,31m,2009,fujian,fujian
male,,,2009,yunan,fujian
male,,,2009,yunan,fujian
male,20091001,1m,2009,yunan,fujian
male,20070902,37m,2009,fujian,fujian
male,,0.5y,2009,sichuan,fujian
male,,0.5y,2009,sichuan,fujian
male,,0.5y,2009,sichuan,fujian
female,,0.5y,2009,shandong,shandong
male,,0.5y,2009,shandong,shandong
male,,0.5y,2009,shandong,shandong
male,,0.5y,2009,shandong,shandong
male,,0.5y,2009,shandong,shandong
male,,0.5y,2009,shandong,shandong
male,,0.5y,2009,shandong,shandong
male,,0.5y,2009,shanxi,shandong
male,,0.5y,2009,shandong,shandong
male,,0.5y,2009,shandong,shandong
male,20090201,1d,2009,shandong,shandong
male,,0.5y,2009,shandong,shandong
female,,0.5y,2009,shandong,shandong
female,,3d,2009,shandong,shandong
male,,5d,2009,shanxi,shandong
male,,1m,2009,shanxi,shandong
male,,4m,2009,shandong,shandong
female,,0.5y,2009,sichuan,shandong
female,,0.5y,2009,sichuan,shandong
female,,1d,2009,sichuan,shandong
male,,3d,2009,shandong,shandong
female,,0.5y,2009,guangdong,henan
female,,0.5y,2009,guangdong,henan
female,,0.5y,2009,guangdong,henan
female,,0.5y,2009,guangdong,henan
female,,5d,2009,guangdong,hebei
male,,0.5y,2009,sichuan,henan
male,,,2009,henan,henan
female,,0.5y,2009,henan,henan
female,,0.5y,2009,henan,henan
male,,0.5y,2009,henan,henan
female,,0.5y,2009,yunan,shandong
female,,0.5y,2009,yunan,henan
female,,0.5y,2009,yunan,henan
female,,1m,2009,henan,henan
female,,0.5y,2009,yunan,shandong
female,,0.5y,2009,yunan,shandong
male,,7m,2009,henan,henan
male,,1y,2009,henan,henan
female,,0.5y,2009,guangdong,henan
female,,0.5y,2009,henan,henan
female,,0.5y,2009,henan,henan
female,,0.5y,2009,henan,henan
female,,0.5y,2009,henan,henan
female,,0.5y,2009,henan,henan
male,,0.5y,2009,henan,henan
female,,0.5y,2009,henan,henan
male,,0.5y,2009,henan,henan
female,,0.5y,2009,henan,henan
female,,0.5y,2009,guangdong,henan
female,,0.5y,2009,henan,henan
male,,0.5y,2009,henan,henan
male,,0.5y,2009,guizhou,henan
male,,0.5y,2009,yunan,henan
female,,0.5y,2009,yunan,henan
female,,3y,2009,yunan,henan
female,,0.5y,2009,henan,henan
female,,0.5y,2009,shanxi,henan
male,,4d,2009,henan,henan
female,,0.5y,2009,henan,henan
male,,5d,2009,henan,henan
male,20091201,3d,2009,henan,henan
female,,0.5y,2009,yunan,henan
female,,0.5y,2009,yunan,henan
female,,0.5y,2009,yunan,henan
female,,1m,2009,henan,henan
female,,1m,2009,henan,henan
male,,0.5y,2009,henan,henan
male,,6d,2009,henan,henan
male,20091121,5d,2009,henan,henan
female,,0.5y,2009,henan,henan
female,,0.5y,2009,yunan,henan
female,,0.5y,2009,yunan,henan
male,,1y,2009,henan,henan
female,,0.5y,2009,yunan,henan
female,,0.5y,2009,henan,henan
female,,0.5y,2009,henan,henan
female,,0.5y,2009,henan,henan
female,,0.5y,2009,henan,henan
female,,0.5y,2009,henan,henan
female,,0.5y,2009,henan,henan
female,,0.5y,2009,henan,henan
female,,0.5y,2009,henan,henan
female,,0.5y,2009,henan,henan
female,,0.5y,2009,henan,henan
female,,0.5y,2009,henan,henan
female,,0.5y,2009,henan,henan
female,,0.5y,2009,henan,henan
female,,0.5y,2009,shanxi,henan
female,,0.5y,2009,henan,henan
female,20070801,2y,2009,henan,henan
male,,0.5y,2009,henan,henan
female,,0.5y,2009,guizhou,henan
male,,0.5y,2009,sichuan,henan
female,,0.5y,2009,sichuan,henan
male,,0.5y,2009,sichuan,henan
female,20061122,2y,2009,henan,henan
female,,0.5y,2009,yunan,henan
female,,0.5y,2009,yunan,henan
male,20070630,2y,2009,henan,henan
female,,0.5y,2009,henan,henan
male,20090821,2d,2009,henan,henan
female,,20d,2009,guizhou,henan
female,,40d,2009,guizhou,henan
female,20091004,6d,2009,hebei,henan
female,,1m,2009,yunan,henan
female,20090815,1m,2009,hebei,henan
female,20050725,5y,2009,henan,henan
female,,0.5y,2009,henan,henan
male,,3m,2009,shandong,henan
male,,,2009,henan,henan
male,20090121,1m,2009,henan,henan
male,20091231,1d,2009,henan,henan
male,20090315,1m,2009,henan,henan
male,20090801,1d,2009,henan,henan
female,20060101,3y,2009,henan,henan
female,20060628,1m,2009,jiangxi,henan
male,20091219,2d,2009,henan,henan
male,20090101,1m,2009,henan,henan
female,,0.5y,2009,henan,anhui
male,,0.5y,2009,henan,henan
male,,,2009,henan,henan
male,20080901,9m,2009,henan,henan
male,20091227,3d,2009,henan,henan
male,20081222,4m,2009,henan,henan
female,,0.5y,2009,henan,henan
male,,0.5y,2009,henan,tianjin
female,,2y,2009,henan,henan
male,20090301,2m,2009,henan,henan
male,,,2009,henan,henan
male,20071006,1y,2009,henan,guangdong
male,,2y,2009,henan,henan
male,,1.25y,2009,henan,henan
female,,3y,2009,henan,shanxi
female,,0.5y,2009,guizhou,henan
female,,0.5y,2009,guizhou,henan
female,,0.5y,2009,guizhou,henan
female,,0.5y,2009,guizhou,henan
female,,0.5y,2009,guangxi,henan
female,,0.5y,2009,guizhou,henan
male,,0.5y,2009,yunan,shandong
female,,0.5y,2009,yunan,shandong
female,,0.5y,2009,yunan,shandong
female,,0.5y,2009,yunan,henan
female,,0.5y,2009,jiangxi,jiangxi
female,,,2009,jiangxi,jiangxi
female,,,2009,jiangxi,jiangxi
female,,,2009,jiangxi,henan
female,,0.5y,2009,yunan,henan
female,,0.5y,2009,yunan,henan
male,,,2009,henan,shandong
male,,,2009,shandong,shandong
female,,20d,2009,sichuan,henan
female,,3d,2009,guizhou,hebei
female,,5m,2009,henan,henan
female,,1y,2009,henan,henan
male,20091009,2m,2009,hunan,hunan
female,20090701,5d,2009,guangxi,shandong
male,,0.5y,2009,sichuan,sichuan
male,20041219,4y,2009,sichuan,sichuan
male,,45d,2009,yunan,hebei
female,,0.5y,2009,yunan,henan
female,,3d,2009,guizhou,guizhou
male,20040329,5y,2009,guizhou,zhejiang
male,20090406,5d,2009,chongqing,chongqing
male,,,2009,guangdong,guangdong
male,,,2009,hebei,hebei
male,,,2009,hebei,hebei
male,,,2009,hebei,hebei
male,,,2009,yunan,hebei
male,,,2009,fujian,fujian
male,,,2009,fujian,fujian
male,,,2009,fujian,fujian
male,,,2009,shandong,shandong
male,,,2009,henan,henan
female,,,2009,yunan,henan
female,,,2009,yunan,henan
female,,,2009,henan,henan
female,,,2009,guangxi,guangxi
male,,,2009,henan,henan
male,,,2009,henan,henan
male,,,2009,henan,henan
female,,,2009,yunan,yunan
male,,2y,2010,beijing,hebei
male,20090701,9m,2010,hebei,hebei
male,,3d,2010,hebei,hebei
male,,2.5y,2010,guizhou,hebei
female,,3d,2010,hebei,hebei
female,,15d,2010,hebei,hebei
male,20100427,7d,2010,jiangsu,hebei
male,20100501,1d,2010,hebei,hebei
male,20101203,15d,2010,hebei,hebei
female,,7d,2010,chongqing,hebei
male,20100601,1m,2010,shanghai,shanghai
male,20100616,1d,2010,shanghai,shandong
male,20090901,1y,2010,shanghai,shanghai
male,,0.5y,2010,yunan,anhui
male,,0.5y,2010,yunan,anhui
female,,0.5y,2010,yunan,shandong
female,,0.5y,2010,yunan,shandong
male,,0.5y,2010,yunan,anhui
male,20100815,1d,2010,jiangsu,jiangsu
female,,0.5y,2010,guizhou,jiangsu
female,,0.5y,2010,jiangsu,jiangsu
male,,1d,2010,jiangsu,jiangsu
male,,1d,2010,jiangsu,jiangsu
female,,1d,2010,yunan,jiangsu
female,20100403,4d,2010,guizhou,jiangsu
female,,,2010,yunan,jiangsu
female,,,2010,yunan,shandong
male,,,2010,sichuan,shandong
male,,2y,2010,zhejiang,shandong
female,20090624,1y,2010,zhejiang,zhejiang
female,,5d,2010,hubei,anhui
male,20100902,3m,2010,fujian,fujian
male,20080225,2y,2010,fujian,shandong
male,,,2010,yunan,fujian
male,,,2010,fujian,fujian
male,,20d,2010,yunan,fujian
male,20100512,56d,2010,yunan,fujian
male,,23d,2010,sichuan,fujian
male,,20d,2010,sichuan,fujian
male,,20d,2010,sichuan,fujian
male,,20d,2010,sichuan,fujian
male,20100101,2m,2010,fujian,fujian
male,,,2010,yunan,fujian
male,,,2010,yunan,fujian
female,20100924,45d,2010,fujian,fujian
male,,,2010,fujian,fujian
male,,5d,2010,jiangxi,jiangxi
male,,0.5y,2010,jiangxi,jiangxi
male,,0.5y,2010,jiangxi,jiangxi
female,,3d,2010,shandong,shandong
male,,0.5y,2010,shandong,shandong
male,,0.5y,2010,shandong,shandong
male,,1d,2010,shandong,shandong
female,,0.5y,2010,shandong,shandong
female,,1d,2010,sichuan,shandong
female,,1d,2010,sichuan,shandong
male,20100423,1d,2010,shandong,shandong
male,,2d,2010,shandong,shandong
male,,1d,2010,shandong,shandong
female,,1d,2010,shandong,shandong
male,,0.5y,2010,shandong,shandong
male,,1d,2010,shandong,shandong
female,,0.5y,2010,shandong,shandong
male,,0.5y,2010,shandong,shandong
,,0d,2010,shandong,shandong
male,20101115,45d,2010,sichuan,shandong
male,,10m,2010,shandong,hebei
male,,0.5y,2010,shandong,shandong
male,,0.5y,2010,shandong,shandong
female,,0.5y,2010,shandong,shandong
female,,10d,2010,shandong,shandong
female,,0.5y,2010,shandong,shandong
male,,5d,2010,shanxi,shandong
male,,5d,2010,shanxi,shandong
female,,0.5y,2010,sichuan,shandong
female,,0.5y,2010,sichuan,shandong
female,,0.5y,2010,yunan,hebei
female,,0.5y,2010,yunan,hebei
female,,0.5y,2010,yunan,hebei
female,,0.5y,2010,yunan,hebei
female,,0.5y,2010,yunan,hebei
female,,0.5y,2010,yunan,hebei
female,,0.5y,2010,yunan,hebei
female,20100101,0.5y,2010,henan,henan
female,20100401,7m,2010,henan,henan
male,,1.5y,2010,henan,henan
,,0.5y,2010,henan,henan
female,,0.5y,2010,henan,henan
female,,0.5y,2010,yunan,henan
female,,0.5y,2010,henan,henan
male,,0.5y,2010,henan,henan
male,,0.5y,2010,henan,henan
male,,0.5y,2010,henan,henan
male,,0.5y,2010,henan,henan
male,,1m,2010,henan,henan
female,,0.5y,2010,henan,henan
male,20100422,1d,2010,henan,henan
female,,0.5y,2010,henan,henan
female,20100209,1m,2010,henan,henan
male,,0.5y,2010,henan,henan
female,,0.5y,2010,henan,henan
female,20070206,3y,2010,henan,henan
female,,,2010,henan,henan
female,,,2010,henan,henan
female,,0.5y,2010,henan,henan
female,,0.5y,2010,henan,henan
male,,5d,2010,henan,henan
male,,0.5y,2010,sichuan,henan
female,,1d,2010,yunan,hebei
female,,1d,2010,yunan,henan
female,,0.5y,2010,henan,henan
male,,1m,2010,yunan,henan
female,,0.5y,2010,yunan,henan
female,,0.5y,2010,henan,henan
male,,4y,2010,yunan,henan
female,,7m,2010,yunan,henan
female,,0.5y,2010,henan,henan
female,,0.5y,2010,guangxi,henan
female,,0.5y,2010,henan,henan
female,,15d,2010,guizhou,henan
female,,1m,2010,guizhou,henan
female,,0.5y,2010,henan,henan
female,,0.5y,2010,guangxi,henan
female,,0.5y,2010,guangxi,henan
female,,0.5y,2010,guangxi,henan
female,,0.5y,2010,guangxi,henan
female,,0.5y,2010,yunan,henan
female,,0.5y,2010,guangdong,hebei
female,,0.5y,2010,guangdong,hebei
male,20100423,1d,2010,henan,henan
male,20101124,1y,2010,shanxi,henan
male,,20d,2010,henan,henan
female,,0.5y,2010,yunan,henan
female,,0.5y,2010,yunan,henan
male,,0.5y,2010,yunan,henan
female,,5d,2010,yunan,henan
male,,0.5y,2010,yunan,henan
female,,0.5y,2010,yunan,henan
female,,0.5y,2010,yunan,henan
male,,0.5y,2010,yunan,henan
female,,1d,2010,henan,henan
male,20101101,5d,2010,henan,henan
male,20100712,1d,2010,henan,henan
male,20101106,1d,2010,henan,henan
male,20100811,14d,2010,henan,henan
female,20100415,1d,2010,chongqing,henan
male,20061108,4y,2010,henan,henan
female,,1m,2010,yunan,henan
male,,20d,2010,sichuan,henan
male,,20d,2010,sichuan,henan
male,,20d,2010,sichuan,henan
male,20091014,10m,2010,henan,henan
female,,1m,2010,yunan,henan
female,,1m,2010,yunan,henan
male,,0.5y,2010,yunan,henan
male,,2y,2010,henan,hebei
male,20100601,1d,2010,henan,henan
male,20101013,10d,2010,henan,henan
female,,3d,2010,henan,henan
male,20101130,3d,2010,henan,henan
male,,3y,2010,henan,hebei
male,20090212,1y,2010,henan,henan
male,,,2010,henan,henan
male,,0.5y,2010,henan,henan
female,,2m,2010,yunan,henan
female,,0.5y,2010,sichuan,shandong
female,20100615,8d,2010,henan,henan
female,,1d,2010,henan,henan
male,20100322,2d,2010,henan,henan
male,20101114,1m,2010,henan,henan
male,,1d,2010,hubei,henan
male,,1m,2010,hunan,hunan
female,20080429,21m,2010,hunan,hebei
male,20100703,2d,2010,guangdong,guangdong
male,,5d,2010,guangxi,guangxi
male,20091101,3m,2010,shanxi,shanxi
male,20100108,3d,2010,sichuan,sichuan
male,,,2010,sichuan,yunan
female,,14y,2010,yunan,yunan
female,,13y,2010,yunan,yunan
female,,12y,2010,yunan,yunan
male,,8m,2010,yunan,yunan
female,,,2010,hebei,hebei
male,,,2010,guangdong,fujian
male,,,2010,fujian,fujian
male,,,2010,fujian,fujian
male,,,2010,sichuan,fujian
male,,,2010,sichuan,fujian
male,,,2010,sichuan,fujian
male,,,2010,sichuan,fujian
female,,,2010,shandong,shandong
male,,4y,2010,shandong,shandong
female,,,2010,henan,henan
male,,,2010,henan,henan
female,,,2010,henan,henan
male,,,2010,henan,henan
male,,,2010,henan,henan
male,,,2010,henan,henan
male,,,2010,henan,henan
female,,,2010,guizhou,henan
male,,,2010,henan,henan
male,,,2010,henan,henan
male,,,2010,henan,henan
male,,,2010,henan,henan
female,,12y,2010,yunan,jiangxi
female,,13y,2010,gansu,gansu
male,,,2010,henan,henan
female,,2m,2011,beijing,beijing
male,20111018,1d,2011,hebei,hebei
female,,0.5y,2011,hebei,hebei
female,20110801,4d,2011,jiangsu,hebei
female,,,2011,hebei,hebei
male,20110211,1d,2011,hebei,hebei
male,,1d,2011,shandong,hebei
male,,5d,2011,hebei,hebei
male,,1d,2011,shandong,hebei
male,20090209,2y,2011,hebei,hebei
female,,20d,2011,yunan,hebei
male,,,2011,shanxi,shandong
male,20110208,6d,2011,hebei,hebei
female,,,2011,hebei,hebei
female,,5d,2011,hebei,hebei
female,,16d,2011,hebei,hebei
female,,,2011,yunan,hebei
female,,,2011,yunan,hebei
female,,5d,2011,yunan,hebei
male,20101203,13d,2011,hebei,hebei
female,,1m,2011,hebei,hebei
female,,,2011,shandong,hebei
female,,,2011,hebei,hebei
male,,5d,2011,sichuan,hebei
female,,,2011,guangdong,shanxi
female,,,2011,guangdong,shanxi
male,20110711,3m,2011,liaoning,liaoning
female,,12y,2011,liaoning,liaoning
male,20110907,3m,2011,shanghai,shanghai
male,,0.5y,2011,shanghai,shanghai
male,20101218,10m,2011,jiangsu,shandong
male,20110126,10m,2011,hubei,jiangsu
male,20111101,1d,2011,jiangsu,jiangsu
male,,1d,2011,jiangsu,jiangsu
female,20100918,11m,2011,jiangsu,jiangsu
male,20110401,4d,2011,jiangsu,jiangsu
male,20110701,4m,2011,henan,fujian
male,20070909,3y,2011,zhejiang,hebei
female,,0.5y,2011,zhejiang,zhejiang
male,,18m,2011,yunan,fujian
male,,40d,2011,yunan,fujian
male,,10d,2011,yunan,fujian
male,,20d,2011,sichuan,fujian
male,,20d,2011,sichuan,fujian
male,20091002,17m,2011,fujian,fujian
male,20101231,2m,2011,fujian,fujian
male,20111109,7d,2011,fujian,fujian
male,20060919,5y,2011,jiangxi,jiangxi
female,20080101,3y,2011,jiangxi,jiangxi
female,,0.5y,2011,shandong,shandong
male,,1d,2011,sichuan,shandong
female,,1d,2011,sichuan,shandong
male,,0.5y,2011,guizhou,shandong
male,,0.5y,2011,guizhou,shandong
male,,0.5y,2011,shandong,shandong
female,,0.5y,2011,shandong,shandong
male,,0.5y,2011,shandong,shandong
male,,0.5y,2011,shandong,shandong
male,,2d,2011,shandong,shandong
male,20110217,1d,2011,shandong,hebei
female,,1d,2011,shandong,shandong
female,,0.5y,2011,shandong,shandong
male,,0.5y,2011,shandong,shandong
female,,0.5y,2011,jiangsu,shandong
female,,0.5y,2011,shandong,shandong
male,,5d,2011,shanxi,shandong
male,,10m,2011,sichuan,shandong
male,,0.5y,2011,sichuan,shandong
male,,10m,2011,sichuan,shandong
female,,4d,2011,shanxi,shandong
male,,10d,2011,sichuan,shandong
female,,2d,2011,shandong,shandong
male,,0.5y,2011,sichuan,shandong
male,,0.5y,2011,shanxi,shandong
male,,0.5y,2011,shanxi,shandong
,,1d,2011,shandong,shandong
female,,0.5y,2011,yunan,hebei
female,,0.5y,2011,yunan,hebei
female,,0.5y,2011,yunan,hebei
female,,0.5y,2011,yunan,hebei
female,,0.5y,2011,yunan,hebei
female,,0.5y,2011,yunan,hebei
female,,0.5y,2011,yunan,hebei
female,,0.5y,2011,yunan,hebei
female,,0.5y,2011,yunan,hebei
female,,0.5y,2011,yunan,hebei
female,,0.5y,2011,yunan,hebei
female,,0.5y,2011,yunan,hebei
female,,0.5y,2011,yunan,hebei
female,,0.5y,2011,yunan,hebei
female,,0.5y,2011,yunan,hebei
female,,0.5y,2011,yunan,hebei
female,,0.5y,2011,yunan,hebei
male,20080817,2y,2011,henan,henan
female,,0.5y,2011,henan,henan
male,20110812,10d,2011,henan,henan
female,,1m,2011,henan,henan
male,20110720,1d,2011,henan,henan
male,20110601,1d,2011,henan,henan
female,,0.5y,2011,henan,henan
female,,0.5y,2011,henan,henan
male,,6y,2011,henan,henan
female,,0.5y,2011,henan,henan
male,,1y,2011,henan,henan
male,,1m,2011,henan,henan
female,,3y,2011,henan,henan
male,,0.5y,2011,henan,henan
male,,0.5y,2011,henan,henan
female,,0.5y,2011,guangxi,henan
male,,0.5y,2011,henan,henan
male,,7y-8y,2011,henan,henan
male,,5y,2011,henan,henan
male,,,2011,henan,henan
female,,0.5y,2011,guangxi,henan
female,,0.5y,2011,guangxi,henan
female,,10d,2011,guangxi,henan
female,,0.5y,2011,guangxi,henan
female,,5d,2011,guangxi,henan
female,,5d,2011,guangxi,henan
female,,0.5y,2011,guangxi,henan
female,,1d,2011,yunan,henan
female,,1d,2011,yunan,henan
female,,1d,2011,yunan,henan
female,,1d,2011,yunan,hebei
female,,1d,2011,yunan,henan
female,,1d,2011,yunan,henan
female,,1d,2011,yunan,hebei
female,,1d,2011,yunan,hebei
female,,1d,2011,yunan,hebei
female,,1d,2011,yunan,hebei
female,,1d,2011,yunan,hebei
female,,0.5y,2011,shanxi,henan
male,,1d,2011,shanxi,henan
female,,0.5y,2011,shanxi,henan
male,,0.5y,2011,henan,henan
female,,3d,2011,henan,henan
female,,0.5y,2011,guangdong,hebei
female,,0.5y,2011,guangdong,shanxi
female,,0.5y,2011,guangdong,hebei
female,,0.5y,2011,guangdong,henan
female,,0.5y,2011,guangdong,henan
male,20100621,7m,2011,henan,henan
female,,0.5y,2011,yunan,henan
female,,0.5y,2011,yunan,henan
female,,0.5y,2011,yunan,henan
male,,0.5y,2011,yunan,henan
female,,0.5y,2011,yunan,henan
female,,0.5y,2011,yunan,henan
male,,0.5y,2011,yunan,henan
female,,0.5y,2011,yunan,henan
female,,0.5y,2011,yunan,henan
female,,0.5y,2011,yunan,henan
female,,0.5y,2011,yunan,henan
female,,0.5y,2011,yunan,henan
female,20110330,4d,2011,henan,henan
female,,0.5y,2011,yunan,henan
male,,0.5y,2011,henan,henan
female,,0.5y,2011,henan,henan
female,,0.5y,2011,henan,henan
female,20111025,10d,2011,yunan,henan
male,,10m,2011,henan,henan
male,,,2011,henan,henan
male,,0.5y,2011,henan,hebei
male,20110315,15d,2011,henan,shandong
female,20110428,1d,2011,henan,henan
female,20110916,6d,2011,henan,henan
male,,7m,2011,henan,henan
male,20111013,2d,2011,henan,henan
female,20110630,1m,2011,henan,henan
female,20111023,3d,2011,henan,henan
male,20110513,9d,2011,hubei,hubei
male,20111219,1d,2011,hubei,guizhou
male,20111219,1d,2011,hubei,guizhou
male,20110810,1d,2011,hunan,hunan
male,20111201,15d,2011,guangdong,guangdong
male,20070910,44m,2011,guangdong,guangdong
female,20110101,6m,2011,guangdong,fujian
male,,,2011,yunan,guangdong
male,,,2011,guangxi,guangdong
male,,,2011,guangxi,guangdong
male,,,2011,guangxi,guangdong
female,,,2011,guangxi,henan
female,,,2011,guangxi,henan
female,,,2011,guangxi,henan
female,,,2011,guangxi,henan
female,,3d,2011,guangxi,shandong
female,,3d,2011,guizhou,shandong
male,,,2011,guangxi,shandong
female,,,2011,yunan,shandong
female,,,2011,yunan,shandong
female,20110601,40d,2011,yunan,guangxi
female,20110601,40d,2011,yunan,guangxi
female,,,2011,yunan,guangdong
female,,3y,2011,guangxi,hunan
female,20100818,16m,2011,shanxi,henan
male,20111024,67d,2011,shanxi,shanxi
male,20110303,2d,2011,ningxia,gansu
male,20110822,40d,2011,gansu,henan
male,20111228,2d,2011,anhui,anhui
female,,0.5y,2011,sichuan,sichuan
female,,13y,2011,guizhou,sichuan
female,,,2011,yunan,shandong
male,,10d,2011,yunan,guizhou
female,,5d,2011,yunan,yunan
female,,,2011,hebei,hebei
female,,,2011,hebei,hebei
male,,,2011,jiangsu,jiangsu
male,,,2011,fujian,fujian
male,,,2011,fujian,fujian
male,,,2011,zhejiang,fujian
male,,,2011,fujian,fujian
male,,,2011,fujian,fujian
male,,,2011,yunan,fujian
male,,,2011,yunan,fujian
male,,,2011,henan,henan
female,,,2011,henan,henan
female,,,2011,henan,henan
male,,,2011,henan,henan
male,,,2011,henan,henan
male,,,2011,henan,henan
male,,,2011,henan,henan
male,,,2011,henan,henan
male,,,2011,henan,henan
female,,,2011,yunan,henan
male,,,2011,yunan,henan
male,,,2011,henan,henan
female,,,2011,sichuan,henan
female,,,2011,sichuan,henan
male,,,2011,sichuan,henan
female,,,2011,sichuan,henan
male,,,2011,shanxi,shandong
female,,,2011,shanxi,shanxi
male,20120820,1d,2012,henan,henan
male,20111201,8m,2012,hebei,hebei
female,,1y,2012,hebei,anhui
male,20121011,5d,2012,shanxi,hebei
female,,,2012,shanxi,hebei
male,,1d,2012,hebei,hebei
male,,1d,2012,hebei,hebei
male,,5d,2012,hebei,hebei
male,,15d,2012,hebei,hebei
male,20121012,20d,2012,guizhou,hebei
female,20121215,1d,2012,guizhou,hebei
male,20120801,1m,2012,guizhou,hebei
male,20110608,1.5y,2012,hebei,hebei
male,20111121,4m,2012,shanxi,henan
male,20120826,2m,2012,liaoning,liaoning
female,20000113,13y,2012,jilin,jilin
male,,0.5y,2012,sichuan,jiangsu
male,,0.5y,2012,sichuan,jiangsu
male,20120620,5d,2012,sichuan,jiangsu
male,20121011,6d,2012,shandong,jiangsu
male,,1d,2012,jiangsu,jiangsu
male,,5d,2012,jiangsu,jiangsu
male,20120723,1d,2012,jiangsu,jiangsu
female,20121109,1d,2012,jiangsu,jiangsu
female,20121109,1d,2012,jiangsu,jiangsu
,20121219,1d,2012,jiangsu,jiangsu
male,20111227,41d,2012,zhejiang,jiangsu
male,,,2012,jiangsu,fujian
female,,0.5y,2012,jiangxi,zhejiang
female,,0.5y,2012,jiangxi,zhejiang
female,,0.5y,2012,jiangxi,zhejiang
female,,0.5y,2012,jiangxi,zhejiang
male,,1m,2012,jiangxi,zhejiang
male,,5d,2012,zhejiang,zhejiang
female,20120121,17d,2012,zhejiang,zhejiang
female,20120323,10d,2012,zhejiang,anhui
female,20121201,1d,2012,anhui,anhui
,,5d,2012,sichuan,anhui
male,20121015,1m,2012,fujian,fujian
male,,1m,2012,yunan,fujian
female,,3m,2012,yunan,fujian
female,,2m,2012,yunan,fujian
female,,1y,2012,yunan,fujian
male,,15d,2012,yunan,fujian
male,,10d,2012,yunan,fujian
male,,1m,2012,yunan,fujian
male,20080624,4y,2012,fujian,fujian
male,,,2012,yunan,fujian
male,,2y,2012,fujian,fujian
male,,,2012,fujian,fujian
male,,,2012,fujian,fujian
male,,,2012,fujian,fujian
male,,,2012,fujian,fujian
male,20121006,7d,2012,fujian,fujian
male,,,2012,yunan,fujian
male,,,2012,yunan,fujian
female,20091107,28m,2012,fujian,fujian
male,,,2012,fujian,fujian
male,,,2012,fujian,fujian
male,,,2012,fujian,fujian
male,,5d,2012,fujian,fujian
female,,,2012,fujian,fujian
male,,,2012,fujian,fujian
male,,25d,2012,yunan,fujian
male,,15d,2012,yunan,fujian
male,,15d,2012,yunan,fujian
male,,15d,2012,yunan,fujian
male,,15d,2012,yunan,fujian
male,,5d,2012,fujian,fujian
male,,,2012,fujian,fujian
male,,20d,2012,sichuan,fujian
male,,20d,2012,sichuan,fujian
male,,20d,2012,sichuan,fujian
male,,,2012,yunan,fujian
female,,,2012,yunan,fujian
female,,,2012,yunan,fujian
male,,,2012,yunan,fujian
male,,,2012,yunan,fujian
male,,,2012,yunan,fujian
male,,,2012,yunan,fujian
female,,,2012,yunan,fujian
female,,,2012,yunan,fujian
female,,,2012,yunan,fujian
male,,,2012,yunan,fujian
male,,,2012,jiangxi,fujian
male,,,2012,jiangxi,fujian
male,,,2012,jiangxi,fujian
male,20111205,4m,2012,fujian,fujian
male,,,2012,jiangxi,jiangxi
male,20120124,7m,2012,jiangxi,jiangxi
female,,0.5y,2012,yunan,shandong
female,,1m,2012,shandong,shandong
female,,1m,2012,shandong,shandong
female,,0.5y,2012,shandong,shandong
male,,0.5y,2012,shandong,shandong
female,,0.5y,2012,shandong,shandong
female,,0.5y,2012,shandong,shandong
female,,0.5y,2012,shandong,shandong
female,,0.5y,2012,shandong,shandong
female,,0.5y,2012,shandong,shandong
male,,0.5y,2012,sichuan,shandong
female,,0.5y,2012,sichuan,shandong
male,,0.5y,2012,sichuan,shandong
male,20121223,1d,2012,shandong,shandong
male,20101209,1d,2012,shandong,shandong
female,,15d,2012,guizhou,anhui
female,,0.5y,2012,guizhou,shandong
female,,0.5y,2012,guizhou,shandong
male,20120226,1d,2012,shandong,shandong
male,20120109,5d,2012,hebei,shandong
male,20120901,1m,2012,shandong,shandong
male,,0.5y,2012,shandong,shandong
female,20120112,1d,2012,shandong,shandong
male,20090406,3y,2012,shandong,shandong
male,,0.5y,2012,shandong,shandong
female,,0.5y,2012,shandong,shandong
male,20140307,1d,2012,shandong,shandong
female,,0.5y,2012,shandong,shandong
female,,0.5y,2012,shandong,shandong
male,,10m,2012,shandong,shandong
male,,2y,2012,shandong,shandong
male,,0.5y,2012,shanxi,shandong
male,,0.5y,2012,shandong,shandong
male,,0.5y,2012,shandong,shandong
female,,0.5y,2012,shandong,shandong
female,,0.5y,2012,shandong,shandong
female,,0.5y,2012,shandong,shandong
male,,0.5y,2012,shandong,shandong
male,,8m,2012,shandong,shandong
female,,0.5y,2012,sichuan,shandong
female,,0.5y,2012,sichuan,shandong
female,,0.5y,2012,sichuan,shandong
male,,0.5y,2012,sichuan,shandong
male,,0.5y,2012,sichuan,shandong
female,,0.5y,2012,sichuan,shandong
male,,0.5y,2012,sichuan,shandong
male,,0.5y,2012,sichuan,shandong
female,,0.5y,2012,sichuan,shandong
female,,0.5y,2012,sichuan,shandong
female,,0.5y,2012,sichuan,shandong
female,,0.5y,2012,sichuan,shandong
female,,0.5y,2012,sichuan,shandong
female,20111028,3m,2012,henan,henan
male,20121226,2d,2012,henan,henan
male,20120419,0.5y,2012,henan,henan
female,20120707,7d,2012,henan,henan
female,20120331,1d,2012,henan,henan
female,20110401,10m,2012,henan,henan
male,,0.5y,2012,henan,henan
male,20120525,4m,2012,henan,henan
male,,0.5y,2012,henan,henan
male,,0.5y,2012,henan,henan
female,,0.5y,2012,guangxi,henan
female,,0.5y,2012,guangxi,henan
female,,5d,2012,guangxi,henan
female,,0.5y,2012,guangxi,henan
female,,0.5y,2012,guangxi,henan
female,,0.5y,2012,guangxi,henan
female,,0.5y,2012,guangxi,henan
female,,0.5y,2012,guangxi,henan
female,,0.5y,2012,guangxi,henan
female,,0.5y,2012,guangxi,henan
female,,0.5y,2012,guangxi,henan
female,,0.5y,2012,guangxi,henan
female,,0.5y,2012,guangxi,henan
male,,13d,2012,shanxi,henan
female,20120327,1m,2012,henan,henan
female,,0.5y,2012,henan,henan
male,,2d,2012,henan,henan
male,,0.5y,2012,sichuan,henan
female,,5d,2012,henan,henan
female,,0.5y,2012,guizhou,henan
female,,0.5y,2012,shanxi,henan
male,,0.5y,2012,shanxi,henan
male,,0.5y,2012,shanxi,henan
male,,0.5y,2012,shanxi,henan
male,,0.5y,2012,henan,henan
female,,0.5y,2012,sichuan,henan
male,,0.5y,2012,sichuan,henan
female,,0.5y,2012,sichuan,henan
male,,0.5y,2012,sichuan,henan
male,,0.5y,2012,sichuan,henan
male,,0.5y,2012,sichuan,henan
female,,0.5y,2012,henan,henan
male,20121215,2d,2012,henan,henan
male,,0.5y,2012,shanxi,henan
male,,0.5y,2012,shanxi,henan
male,,0.5y,2012,shanxi,henan
male,,5d,2012,sichuan,henan
male,,0.5y,2012,sichuan,shandong
male,,0.5y,2012,sichuan,henan
male,20120518,1d,2012,henan,henan
male,20120716,1d,2012,henan,henan
male,20100412,2y,2012,henan,henan
male,20120716,1d,2012,henan,henan
female,,13y,2012,guangxi,henan
male,20120610,5d,2012,henan,henan
male,,0.5y,2012,shandong,shandong
male,,0.5y,2012,yunan,shandong
male,,0.5y,2012,shandong,shandong
female,,0.5y,2012,shandong,shandong
male,20120921,1m,2012,henan,henan
male,,0.5y,2012,jiangxi,hunan
male,,0.5y,2012,jiangxi,hunan
male,,0.5y,2012,jiangxi,hunan
male,20120911,3m,2012,hunan,hunan
female,20120722,4d,2012,hunan,hunan
female,,10y,2012,hunan,hunan
female,,,2012,hunan,guizhou
male,20130316,9m,2012,jiangxi,guangdong
male,20100701,2y,2012,guangdong,guangdong
male,20090101,3y,2012,guangdong,guangdong
female,20120301,266d,2012,jiangsu,anhui
female,,,2012,yunan,henan
male,20120829,3d,2012,guangxi,guangxi
female,19980101,13y,2012,guangxi,guangdong
female,,,2012,guangxi,henan
female,,,2012,guangxi,henan
female,,,2012,guangxi,henan
female,,,2012,guangxi,henan
female,,,2012,guangxi,henan
female,,,2012,guangxi,henan
female,,,2012,guangxi,henan
female,,,2012,guangxi,henan
female,,,2012,guangxi,henan
female,,,2012,guangxi,henan
female,,2m,2012,yunan,guangxi
female,,3d,2012,guangxi,shandong
female,,3d,2012,guangxi,shandong
male,,,2012,yunan,guangxi
female,20101116,2y,2012,shanxi,shanxi
female,20100930,22m,2012,shanxi,shandong
female,,8y,2012,gansu,neimenggu
female,,0.5y,2012,sichuan,shandong
male,,,2012,yunan,fujian
female,,,2012,yunan,fujian
female,,,2012,yunan,shandong
male,,20d,2012,guangxi,yunan
female,20121026,3d,2012,guizhou,zhejiang
male,20121127,2d,2012,guizhou,guizhou
male,20080323,56m,2012,guizhou,henan
male,,,2012,guizhou,henan
female,20120117,1m,2012,chongqing,chongqing
male,,,2012,jiangsu,jiangsu
male,,,2012,zhejiang,hubei
male,,,2012,fujian,fujian
female,,,2012,fujian,fujian
female,,,2012,fujian,fujian
male,,,2012,sichuan,shandong
female,,,2012,shandong,shandong
male,,,2012,henan,henan
male,,,2012,henan,henan
female,,,2012,henan,henan
male,,,2012,shanxi,henan
male,,,2012,henan,henan
male,,,2012,henan,henan
male,,,2012,henan,henan
male,,,2012,henan,henan
female,,,2012,henan,shandong
male,,,2012,henan,henan
male,,,2012,hubei,hubei
male,,,2012,shanxi,henan
male,,,2012,jiangxi,jiangxi
male,,,2012,henan,henan
male,,4d,2013,beijing,beijing
female,20130714,20d,2013,tianjin,tianjin
male,20120126,14m,2013,hebei,hebei
female,20121204,2m,2013,hebei,hebei
male,20130725,1d,2013,hebei,hebei
female,,1m,2013,yunan,hebei
female,,1m,2013,yunan,hebei
female,,1m,2013,yunan,hebei
female,20130308,1d,2013,hebei,hebei
female,20130411,6d,2013,hebei,hebei
male,20120801,6m,2013,hebei,hebei
male,20131214,1d,2013,hebei,hebei
female,20130626,3d,2013,hebei,hebei
male,20060503,7y,2013,hebei,henan
female,20130714,1d,2013,shanxi,henan
female,20130528,1d,2013,shanxi,shanxi
female,20130516,3d,2013,shanxi,shanxi
male,20130314,1m,2013,shanxi,shanxi
male,,,2013,shanxi,shanxi
male,,1d,2013,neimenggu,neimenggu
female,20131202,2d,2013,liaoning,liaoning
female,20130430,9d,2013,shanghai,shanghai
male,,0.5y,2013,sichuan,jiangsu
male,,0.5y,2013,sichuan,jiangsu
male,,0.5y,2013,sichuan,jiangsu
male,,0.5y,2013,sichuan,jiangsu
male,,0.5y,2013,sichuan,jiangsu
male,,5d,2013,sichuan,jiangsu
male,,0.5y,2013,sichuan,jiangsu
female,,1m,2013,jiangsu,jiangsu
male,20111017,19m,2013,jiangsu,jiangsu
male,,5d,2013,jiangsu,jiangsu
female,,5d,2013,jiangsu,jiangsu
male,,,2013,yunan,jiangsu
male,20130111,1d,2013,jiangsu,jiangsu
female,20130406,4d,2013,jiangsu,jiangsu
male,20130429,3m,2013,jiangsu,jiangsu
male,20130805,1d,2013,yunan,jiangsu
female,,0.5y,2013,jiangxi,zhejiang
male,,20d,2013,zhejiang,zhejiang
male,,1m,2013,zhejiang,zhejiang
male,,0.5y,2013,zhejiang,zhejiang
male,,0.5y,2013,zhejiang,zhejiang
female,,0.5y,2013,zhejiang,zhejiang
male,,0.5y,2013,zhejiang,zhejiang
female,,0.5y,2013,jiangxi,zhejiang
female,,0.5y,2013,jiangxi,zhejiang
male,20131120,1d,2013,zhejiang,zhejiang
female,20111115,2y,2013,zhejiang,zhejiang
female,20131210,1d,2013,zhejiang,jiangsu
待定,,0d,2013,zhejiang,jiangsu
male,20130911,1d,2013,anhui,anhui
male,20131129,10d,2013,anhui,shandong
female,20131129,13d,2013,anhui,anhui
female,19990919,13y,2013,anhui,anhui
male,20121219,3d,2013,yunan,anhui
male,,,2013,anhui,jiangsu
male,20130409,1d,2013,anhui,anhui
female,20041210,9y,2013,anhui,anhui
female,,11m,2013,yunan,yunan
male,20131003,9d,2013,fujian,fujian
male,20130914,1d,2013,guangdong,fujian
female,20130801,1d,2013,fujian,fujian
male,,1y,2013,fujian,fujian
male,20130930,21d,2013,fujian,fujian
male,,,2013,yunan,fujian
male,,,2013,yunan,fujian
male,,,2013,yunan,fujian
male,20131013,1m,2013,fujian,fujian
male,20120206,10m,2013,fujian,fujian
male,,,2013,fujian,fujian
male,,,2013,fujian,fujian
male,20130427,10d,2013,fujian,fujian
female,20130417,25d,2013,fujian,fujian
male,20110206,29m,2013,fujian,fujian
male,20121231,3m,2013,fujian,jiangxi
female,,5d,2013,jiangxi,zhejiang
female,,5d,2013,jiangxi,zhejiang
female,,5d,2013,jiangxi,zhejiang
female,,5d,2013,jiangxi,zhejiang
male,20130124,7m,2013,jiangxi,jiangxi
male,20121016,3m,2013,jiangxi,jiangxi
female,,0.5y,2013,yunan,shandong
male,,0.5y,2013,shandong,shandong
female,,0.5y,2013,shandong,shandong
female,,0.5y,2013,shandong,shandong
female,,0.5y,2013,shandong,shandong
female,,0.5y,2013,shandong,shandong
female,20130201,1d,2013,shandong,shandong
male,,1d,2013,shandong,shandong
male,,4m,2013,shandong,shandong
male,,0.5y,2013,sichuan,shandong
male,,1d,2013,shandong,shandong
male,,1d,2013,shandong,shandong
male,20130805,5d,2013,shandong,shandong
male,,0.5y,2013,shandong,shandong
female,20130106,1d,2013,shandong,shandong
male,,10d,2013,sichuan,shandong
female,,2d,2013,sichuan,shandong
male,,3d,2013,shandong,shandong
male,,5y,2013,shandong,shandong
male,20130201,2m,2013,shandong,shandong
female,,0.5y,2013,yunan,shandong
male,,0.5y,2013,yunan,shandong
female,,0.5y,2013,guizhou,shandong
female,,15d,2013,guizhou,shandong
male,,0.5y,2013,sichuan,shandong
male,,1y,2013,shandong,shandong
female,,1d,2013,shandong,shandong
female,,0.5y,2013,shanxi,shandong
female,20140907,1d,2013,shandong,shandong
male,,0.5y,2013,shandong,shandong
male,,0.5y,2013,shandong,shandong
female,20130125,4d,2013,shandong,shandong
male,20140303,1y,2013,shandong,shandong
male,20130511,8d,2013,shandong,shandong
male,,0.5y,2013,shandong,shandong
male,,0.5y,2013,shandong,shandong
male,,0.5y,2013,shanxi,shandong
male,20131219,1d,2013,shandong,shandong
male,,0.5y,2013,shandong,shandong
male,,0.5y,2013,shandong,shandong
female,,1d,2013,shandong,shandong
female,,1d,2013,shandong,shandong
male,,1d,2013,shandong,shandong
female,,1d,2013,shandong,shandong
male,,0.5y,2013,shandong,shandong
male,20130604,2d,2013,shanxi,shandong
male,20131004,2d,2013,shandong,shandong
male,,0.5y,2013,shandong,shandong
male,,5d,2013,sichuan,shandong
male,,20d,2013,shandong,shandong
female,20110818,2y,2013,shandong,shandong
female,,1y,2013,yunan,shandong
female,,0.5y,2013,shandong,shandong
female,,0.5y,2013,shandong,shandong
male,,0.5y,2013,shanxi,shandong
female,,15d,2013,sichuan,shandong
male,20090819,3.7y,2013,shandong,hebei
female,,1d,2013,yunan,shandong
female,,1d,2013,yunan,shandong
female,,0.5y,2013,sichuan,shandong
male,,0.5y,2013,sichuan,shandong
female,,0.5y,2013,sichuan,shandong
male,,0.5y,2013,sichuan,shandong
male,,0.5y,2013,sichuan,shandong
female,,1d,2013,sichuan,shandong
female,,0.5y,2013,sichuan,shandong
female,,0.5y,2013,sichuan,shandong
female,,0.5y,2013,sichuan,shandong
female,,0.5y,2013,sichuan,shandong
female,,0.5y,2013,sichuan,shandong
female,,0.5y,2013,sichuan,shandong
female,,1d,2013,sichuan,shandong
female,,0.5y,2013,sichuan,shandong
female,,0.5y,2013,sichuan,shandong
male,,0.5y,2013,sichuan,shandong
male,20130807,5d,2013,henan,henan
male,,0.5y,2013,henan,henan
male,20121208,0.5y,2013,henan,henan
male,,0.5y,2013,shandong,henan
male,20130922,4d,2013,henan,henan
male,20130524,1m,2013,henan,henan
female,20120223,1.75y,2013,henan,henan
male,,6m,2013,henan,henan
female,,1y,2013,henan,henan
female,,0.5y,2013,henan,henan
male,,1d,2013,henan,henan
male,,,2013,henan,henan
female,,1m,2013,henan,henan
male,,2y,2013,guizhou,henan
male,20140301,10d,2013,henan,henan
male,,1y,2013,henan,henan
female,20130123,1d,2013,henan,hubei
female,,0.5y,2013,sichuan,henan
female,,8m,2013,henan,henan
male,,0.5y,2013,henan,henan
male,20130925,6d,2013,henan,hebei
male,20130621,10d,2013,henan,henan
male,,5d,2013,henan,henan
male,20131120,1d,2013,henan,henan
male,20120902,1y,2013,henan,henan
female,20110119,2y,2013,henan,henan
male,,3y,2013,henan,henan
male,20130123,5d,2013,henan,henan
male,20130515,5d,2013,shandong,shandong
male,,0.5y,2013,shandong,shandong
female,,0.5y,2013,yunan,shandong
male,,2y,2013,henan,henan
male,20130530,3d,2013,henan,henan
female,,1d,2013,henan,henan
male,,2y,2013,henan,henan
male,,,2013,henan,henan
male,20130809,5d,2013,henan,henan
male,20130115,1d,2013,hubei,henan
male,20131218,13d,2013,hubei,hubei
male,20121024,10m,2013,hubei,fujian
female,,0.5y,2013,hunan,zhejiang
male,20130810,20d,2013,hunan,fujian
female,20100304,3y,2013,hunan,hunan
male,20120216,1y,2013,guangdong,guangdong
male,,,2013,guangdong,guangdong
male,20131017,25d,2013,guangxi,guangdong
male,20130301,8m,2013,guangdong,guangdong
male,20131107,1d,2013,guangdong,shanghai
male,20100717,3y,2013,guangdong,guangdong
male,20130101,7m,2013,guangdong,henan
male,20130623,4d,2013,guangdong,guangdong
female,20120101,1y,2013,guangxi,guangdong
male,20121012,361d,2013,shanxi,guangdong
female,20120815,400d,2013,guangdong,guangdong
female,20091209,4y,2013,guangdong,guangdong
female,20100720,3y,2013,guangdong,shandong
male,20130716,7d,2013,guangdong,guangdong
male,20110101,2y,2013,guangdong,guangdong
male,20150501,10m,2013,guangdong,guangdong
female,,,2013,guangdong,guangdong
male,20130513,18d,2013,hebei,guangxi
male,20130321,2m,2013,guangxi,guangxi
male,,,2013,yunan,guangdong
male,,,2013,yunan,guangdong
female,,3d,2013,yunan,guangdong
male,,5d,2013,yunan,guangdong
male,20130401,1m,2013,yunan,guangdong
male,20130201,3m,2013,yunan,guangdong
male,,,2013,guangxi,guangxi
female,20130708,1d,2013,guangxi,henan
female,20130527,2d,2013,guangxi,zhejiang
male,20101125,2y,2013,xinjiang,xinjiang
female,20130814,3d,2013,shanxi,shanxi
female,20130725,6d,2013,shanxi,shanxi
male,20110710,25m,2013,shanxi,shanxi
male,20130330,4d,2013,gansu,gansu
male,,2y,2013,gansu,gansu
male,20130723,1d,2013,gansu,gansu
male,,2m,2013,sichuan,shandong
male,,1d,2013,sichuan,shandong
male,,0.5y,2013,sichuan,shandong
female,,0.5y,2013,sichuan,shandong
male,,0.5y,2013,sichuan,shandong
female,,0.5y,2013,sichuan,shandong
male,,0.5y,2013,sichuan,shandong
female,20130112,7d,2013,anhui,jiangsu
,,2.5y,2013,sichuan,jiangsu
male,20110514,2y,2013,sichuan,sichuan
male,,1.5y,2013,sichuan,sichuan
female,20130601,5m,2013,sichuan,sichuan
male,,,2013,yunan,yunan
female,,,2013,yunan,yunan
female,,0.5y,2013,yunan,guangdong
male,,0.5y,2013,yunan,guangdong
female,,0.5y,2013,yunan,guangdong
male,,0.5y,2013,yunan,guangdong
female,,25d,2013,yunan,yunan
female,,25d,2013,yunan,yunan
male,,0.5y,2013,yunan,yunan
female,,0.5y,2013,yunan,zhejiang
female,,0.5y,2013,yunan,zhejiang
female,,0.5y,2013,yunan,yunan
female,,0.5y,2013,yunan,yunan
female,,,2013,yunan,yunan
male,,11d,2013,yunan,yunan
male,,0.5y,2013,yunan,guangdong
female,,0.5y,2013,yunan,guangdong
female,,0.5y,2013,yunan,yunan
female,,20d,2013,yunan,hebei
female,,2m,2013,yunan,hebei
female,,0.5y,2013,yunan,hebei
female,,0.5y,2013,yunan,hebei
male,20100719,3y,2013,guizhou,shandong
male,20110121,25m,2013,guizhou,henan
male,20100909,32m,2013,guizhou,henan
female,20100123,41m,2013,guizhou,henan
male,20100719,3y,2013,guizhou,henan
male,20130319,1d,2013,chongqing,chongqing
male,,5d,2013,chongqing,chongqing
male,,,2013,chongqing,chongqing
male,,,2013,guangdong,guangdong
male,,,2013,guangdong,guangdong
female,,,2013,yunan,hebei
female,,,2013,hebei,hebei
male,,,2013,zhejiang,zhejiang
female,,,2013,yunan,anhui
male,,,2013,fujian,fujian
male,,,2013,yunan,fujian
male,,,2013,henan,henan
male,,,2013,henan,henan
male,,,2013,sichuan,shandong
female,,,2013,shanxi,shandong
female,,,2013,shanxi,shanxi
male,,,2013,neimenggu,henan
male,20120625,2y,2014,tianjin,shandong
male,,1m,2014,hebei,tianjin
female,,0.5y,2014,yunan,hebei
female,,0.5y,2014,yunan,hebei
female,,0.5y,2014,yunan,hebei
female,20140709,1d,2014,hebei,hebei
female,,0.5y,2014,sichuan,hebei
female,20101121,3y,2014,hebei,hebei
male,20140605,1d,2014,hebei,hebei
male,20140605,1d,2014,hebei,hebei
male,20140918,3d,2014,hebei,anhui
male,20081009,6y,2014,hebei,shandong
male,20090718,5y,2014,hebei,shandong
male,20140113,1d,2014,hebei,hebei
male,20140308,1d,2014,hebei,hebei
male,20140202,1d,2014,hebei,hebei
female,,0.5y,2014,hebei,hebei
female,20140322,1d,2014,hebei,hebei
female,20140813,1d,2014,hebei,hebei
male,20130112,14m,2014,hebei,hebei
male,20130707,10m,2014,hebei,hebei
male,20131112,4m,2014,shanxi,shanxi
male,,1m,2014,shanxi,hebei
male,20130212,1.5y,2014,shanxi,shanxi
male,20140122,2d,2014,shanxi,shandong
male,20140202,26d,2014,shanxi,shandong
female,20141224,6d,2014,neimenggu,neimenggu
male,,2y,2014,neimenggu,neimenggu
male,,3y,2014,jilin,jilin
female,20131001,3m,2014,shanghai,shanghai
male,20140613,1d,2014,jiangsu,jiangsu
female,20141110,1m,2014,jiangsu,zhejiang
female,,5d,2014,yunan,jiangsu
female,,5d,2014,yunan,jiangsu
,,1m,2014,jiangsu,jiangsu
female,,2m,2014,jiangsu,jiangsu
female,,1d,2014,zhejiang,zhejiang
male,,0.5y,2014,zhejiang,zhejiang
male,,0.5y,2014,zhejiang,zhejiang
male,,0.5y,2014,yunan,yunan
male,,,2014,yunan,fujian
male,,,2014,fujian,zhejiang
male,,0.5y,2014,zhejiang,fujian
male,,1m,2014,zhejiang,fujian
male,,0.5y,2014,yunan,fujian
male,,0.5y,2014,yunan,fujian
female,,0.5y,2014,yunan,fujian
female,,,2014,fujian,fujian
female,,,2014,fujian,zhejiang
male,,0.5y,2014,zhejiang,zhejiang
male,,0.5y,2014,zhejiang,zhejiang
female,,0.5y,2014,jiangxi,zhejiang
female,,0.5y,2014,jiangxi,zhejiang
female,,0.5y,2014,jiangxi,zhejiang
female,,1m,2014,jiangxi,zhejiang
female,,1m,2014,jiangxi,zhejiang
female,,0.5y,2014,jiangxi,zhejiang
male,,1y,2014,zhejiang,zhejiang
female,20140701,2m,2014,yunan,zhejiang
female,,0.5y,2014,yunan,zhejiang
female,,0.5y,2014,yunan,zhejiang
female,,0.5y,2014,yunan,zhejiang
male,20111013,2.4y,2014,zhejiang,zhejiang
female,20131001,8m,2014,zhejiang,zhejiang
male,20140929,4d,2014,anhui,jiangsu
female,,,2014,guangxi,henan
female,,,2014,henan,anhui
female,20140828,17d,2014,fujian,jiangsu
male,20140305,5m,2014,fujian,fujian
male,20120426,20m,2014,sichuan,fujian
male,20140530,1m,2014,fujian,fujian
male,20140415,2m,2014,fujian,fujian
male,20140415,5m,2014,fujian,fujian
male,20130719,10m,2014,fujian,jiangsu
male,20140108,26d,2014,fujian,anhui
male,20140414,2m,2014,fujian,fujian
male,20140517,50d,2014,fujian,fujian
male,,1m,2014,guangdong,fujian
male,20140619,2m,2014,fujian,fujian
female,,,2014,jiangxi,fujian
female,20140218,13d,2014,jiangxi,fujian
male,,,2014,fujian,fujian
male,20141119,1d,2014,fujian,fujian
female,20120801,30y,2014,fujian,fujian
female,20141019,38d,2014,fujian,fujian
male,20140214,3m,2014,fujian,fujian
male,,20d,2014,fujian,fujian
male,,,2014,fujian,fujian
male,20140414,2d,2014,fujian,fujian
female,,,2014,fujian,fujian
female,20140103,3d,2014,jiangxi,zhejiang
female,,5d,2014,jiangxi,zhejiang
female,,5d,2014,jiangxi,fujian
female,,5d,2014,jiangxi,fujian
female,,5d,2014,jiangxi,fujian
female,,5d,2014,jiangxi,fujian
female,,4m,2014,jiangxi,zhejiang
female,,5d,2014,jiangxi,fujian
female,,5d,2014,jiangxi,fujian
female,20140531,7d,2014,jiangxi,jiangxi
female,,3d,2014,jiangxi,fujian
female,,1d,2014,jiangxi,zhejiang
female,,8d,2014,jiangxi,zhejiang
female,,5d,2014,jiangxi,jiangxi
female,,5d,2014,jiangxi,zhejiang
male,20141203,1d,2014,jiangxi,guangdong
male,20140129,5m,2014,jiangxi,fujian
male,,,2014,jiangxi,jiangxi
male,20141021,6d,2014,jiangxi,jiangxi
male,20140101,1d,2014,shandong,shandong
male,20140807,4d,2014,shandong,shandong
male,20130316,1.5y,2014,shandong,shandong
female,,0.5y,2014,yunan,shandong
female,,1d,2014,sichuan,shandong
female,,1d,2014,sichuan,shandong
male,,1d,2014,sichuan,shandong
male,,1d,2014,sichuan,shandong
male,,1d,2014,sichuan,shandong
male,,1d,2014,sichuan,shandong
male,,2d,2014,sichuan,shandong
male,,1d,2014,sichuan,shandong
male,,1d,2014,sichuan,shandong
male,,2d,2014,sichuan,shandong
female,,1d,2014,sichuan,shandong
male,,0.5y,2014,shandong,shandong
male,,4d,2014,shandong,shandong
male,,1d,2014,shandong,henan
male,20140929,6d,2014,shandong,shandong
male,20131209,26d,2014,shandong,shandong
male,,3y,2014,shandong,shandong
female,,2d,2014,shandong,shandong
male,20140819,1d,2014,shandong,shandong
male,,0.5y,2014,shandong,shandong
female,20140624,40d,2014,shandong,hebei
female,20140120,2d,2014,shandong,shandong
male,,0.5y,2014,shandong,shandong
female,,0.5y,2014,shandong,shandong
female,,0.5y,2014,shandong,shandong
male,,0.5y,2014,shandong,shandong
female,,0.5y,2014,shandong,shandong
male,,0.5y,2014,shandong,shandong
male,,0.5y,2014,shandong,shandong
male,,0.5y,2014,shandong,shandong
male,,5d,2014,shandong,shandong
male,,0.5y,2014,shandong,shandong
female,,10m,2014,shandong,shandong
male,,0.5y,2014,shandong,shandong
male,20140801,1d,2014,shandong,shandong
male,20140423,7d,2014,shandong,shandong
female,,0.5y,2014,shandong,shandong
male,,0.5y,2014,shandong,shandong
female,,0.5y,2014,sichuan,shandong
female,,0.5y,2014,sichuan,shandong
female,,10d,2014,shandong,shandong
female,,0.5y,2014,sichuan,shandong
male,,0.5y,2014,sichuan,shandong
male,,0.5y,2014,shandong,shandong
female,,1m,2014,shandong,shandong
female,20140422,2d,2014,shandong,shandong
female,,10d,2014,shandong,shandong
female,,1d,2014,shandong,shandong
male,,0.5y,2014,shanxi,shandong
male,,0.5y,2014,shandong,shandong
male,,0.5y,2014,shandong,shandong
female,20140908,3d,2014,shandong,shanghai
female,,0.5y,2014,shandong,shandong
female,20140929,3d,2014,shandong,henan
female,20140118,0.5y,2014,henan,hebei
female,,0.5y,2014,henan,henan
male,,1d,2014,henan,henan
male,,1y,2014,henan,anhui
,,,2014,henan,henan
male,20130701,0.5y,2014,henan,henan
male,20140808,1m,2014,henan,henan
female,20140228,1d,2014,henan,henan
female,20140228,1d,2014,henan,henan
female,,20d,2014,guangdong,henan
female,,20d,2014,guangdong,henan
female,,20d,2014,guangdong,henan
male,,0.5y,2014,henan,henan
female,,1d,2014,henan,henan
male,20140727,1d,2014,henan,henan
male,,1d,2014,henan,henan
male,,1d,2014,henan,henan
female,,0.5y,2014,sichuan,shandong
female,20140902,1d,2014,henan,henan
female,,2y,2014,henan,henan
female,,5y,2014,henan,henan
male,20140808,7d,2014,henan,henan
male,20130619,1y,2014,hubei,shanxi
male,,1d,2014,hunan,hunan
female,,0.5y,2014,hunan,zhejiang
female,,0.5y,2014,yunan,zhejiang
male,20141019,2d,2014,guangdong,guangdong
male,20141228,1d,2014,guangxi,guangdong
female,20050223,9y,2014,guangdong,guangdong
male,20120310,2Y,2014,guangdong,guangdong
male,20141011,72d,2014,guangdong,guangdong
male,,,2014,guangdong,guangdong
male,,,2014,guangdong,guangdong
male,20140104,5m,2014,guangdong,fujian
female,20141015,5d,2014,guangdong,guangdong
male,20120425,27m,2014,guangdong,guangdong
male,20140714,46d,2014,jiangxi,guangdong
male,20130428,370d,2014,guangdong,anhui
male,,,2014,guangdong,guangdong
female,20110101,3y,2014,guangxi,guangxi
female,20130101,2y,2014,guangxi,guangxi
male,20141104,1d,2014,guangxi,guangxi
male,20140101,5d,2014,guangxi,guangxi
male,20140630,1d,2014,neimenggu,shanxi
male,20140809,1d,2014,shanxi,shanxi
female,20140929,2d,2014,shanxi,shanxi
male,20160601,10m,2014,shanxi,shanxi
male,20141124,3d,2014,shanxi,henan
male,,,2014,shanxi,shanxi
female,20110626,3.5y,2014,gansu,gansu
female,,0.5y,2014,yunan,sichuan
male,,1d,2014,sichuan,sichuan
male,,0.5y,2014,sichuan,shandong
female,,0.5y,2014,sichuan,shandong
female,20131108,10m,2014,sichuan,sichuan
male,20131004,3m,2014,sichuan,zhejiang
female,,10d,2014,sichuan,hebei
male,20140115,7m,2014,yunan,yunan
,,0.5y,2014,yunan,fujian
,,0.5y,2014,yunan,fujian
male,,0.5y,2014,yunan,yunan
male,,0.5y,2014,yunan,yunan
male,,3d,2014,yunan,yunan
female,20130825,8m,2014,yunan,sichuan
male,,,2014,yunan,guangdong
male,,,2014,yunan,guangdong
male,20140406,5d,2014,yunan,guizhou
male,,0.5y,2014,yunan,guangdong
male,,0.5y,2014,yunan,guangdong
female,,0.5y,2014,yunan,guangdong
female,,0.5y,2014,yunan,hebei
female,,0.5y,2014,yunan,yunan
male,,0.5y,2014,yunan,yunan
female,,0.5y,2014,yunan,yunan
male,,5d,2014,yunan,fujian
male,20140413,6d,2014,yunan,guangdong
male,20130121,1y,2014,yunan,fujian
male,,10d,2014,yunan,fujian
male,,0.5y,2014,yunan,guangdong
male,,0.5y,2014,yunan,guangdong
male,,0.5y,2014,yunan,guangdong
male,,0.5y,2014,yunan,guangdong
male,,0.5y,2014,yunan,guangdong
male,,8d,2014,yunan,yunan
female,,20d,2014,yunan,yunan
female,,0.5y,2014,yunan,guangdong
male,,0.5y,2014,yunan,yunan
male,,0.5y,2014,yunan,guangdong
female,,3y,2014,yunan,yunan
female,20121204,1y,2014,yunan,henan
female,,0.5y,2014,yunan,yunan
female,,0.5y,2014,yunan,shandong
female,,0.5y,2014,yunan,shandong
female,,0.5y,2014,yunan,shandong
female,,0.5y,2014,yunan,shandong
female,,0.5y,2014,yunan,shandong
female,,0.5y,2014,zhejiang,shandong
male,,4m,2014,yunan,shandong
male,,0.5y,2014,yunan,henan
male,,0.5y,2014,yunan,henan
male,,0.5y,2014,yunan,fujian
male,,0.5y,2014,yunan,yunan
male,,0.5y,2014,yunan,yunan
female,,0.5y,2014,yunan,yunan
female,,0.5y,2014,yunan,yunan
male,,0.5y,2014,yunan,shandong
male,,0.5y,2014,yunan,shandong
male,,0.5y,2014,yunan,shandong
female,,0.5y,2014,yunan,shandong
male,,0.5y,2014,yunan,fujian
male,,0.5y,2014,yunan,fujian
,,0.5y,2014,yunan,yunan
,,0.5y,2014,yunan,yunan
,,0.5y,2014,yunan,yunan
,,0.5y,2014,yunan,yunan
female,,0.5y,2014,yunan,yunan
female,,0.5y,2014,yunan,yunan
female,20140901,5d,2014,chongqing,chongqing
male,20110101,3y,2014,chongqing,guizhou
male,,,2014,guangdong,guangdong
female,,,2014,yunan,hebei
male,,,2014,hebei,hebei
female,,,2014,hebei,hebei
female,,,2014,hebei,hebei
male,,,2014,zhejiang,zhejiang
female,,,2014,zhejiang,zhejiang
female,,13y,2014,anhui,anhui
male,,,2014,fujian,fujian
male,,,2014,yunan,fujian
male,,,2014,yunan,fujian
male,,,2014,hubei,shandong
female,,,2014,shandong,shandong
female,,,2014,henan,henan
male,,,2014,yunan,yunan
female,,,2014,yunan,yunan
male,,,2014,guangdong,guangdong
female,,3m,2015,hebei,hebei
female,,1y,2015,hebei,hebei
female,20150706,3m,2015,hebei,hebei
male,20150706,3m,2015,hebei,hebei
male,,5d,2015,hebei,hebei
male,20150824,1d,2015,hebei,hebei
male,20150731,1m,2015,hebei,hebei
female,,5d,2015,hebei,hebei
male,,0.5y,2015,shanxi,hebei
female,,2.5y,2015,shanxi,henan
female,20150403,1d,2015,shanxi,shanxi
female,20150817,2d,2015,neimenggu,hebei
female,,1m,2015,neimenggu,neimenggu
male,,3y,2015,neimenggu,neimenggu
,20150201,0d,2015,liaoning,shanghai
male,,1d,2015,jiangsu,jiangsu
male,20150117,2d,2015,jiangsu,jiangsu
,20150410,1d,2015,jiangsu,jiangsu
male,20150125,6d,2015,jiangsu,jiangsu
female,,4y,2015,jiangsu,jiangsu
female,20150113,1m,2015,zhejiang,anhui
female,,,2015,anhui,jiangsu
male,,0.5y,2015,jiangsu,jiangsu
male,,1d,2015,zhejiang,zhejiang
male,20150612,1d,2015,zhejiang,zhejiang
female,,0.5y,2015,zhejiang,fujian
male,,5d,2015,zhejiang,zhejiang
male,20150206,5d,2015,hebei,zhejiang
male,20150101,2m,2015,yunan,fujian
male,,0.5y,2015,yunan,zhejiang
male,,0.5y,2015,zhejiang,fujian
male,,0.5y,2015,yunan,fujian
female,,0.5y,2015,zhejiang,zhejiang
male,,0.5y,2015,yunan,fujian
male,,0.5y,2015,zhejiang,zhejiang
female,20140409,340d,2015,zhejiang,zhejiang
female,20140911,125d,2015,zhejiang,zhejiang
female,20140911,125d,2015,zhejiang,zhejiang
male,20140507,13d,2015,zhejiang,zhejiang
male,20150801,2m,2015,anhui,anhui
male,,3y,2015,yunan,fujian
male,20130310,28m,2015,fujian,fujian
male,20150301,1d,2015,fujian,fujian
male,20150728,15d,2015,fujian,fujian
male,,,2015,sichuan,fujian
male,,4y,2015,fujian,fujian
male,20090603,7y,2015,fujian,fujian
male,,,2015,sichuan,fujian
male,20150126,9d,2015,fujian,fujian
male,,3d,2015,fujian,fujian
male,20150206,10d,2015,fujian,fujian
male,20151022,7d,2015,sichuan,fujian
female,,,2015,fujian,fujian
female,20151130,4d,2015,jiangxi,henan
male,20100723,5y,2015,jiangxi,jiangxi
male,,0.5y,2015,shandong,shandong
female,,5d,2015,shandong,shandong
male,20150111,1d,2015,shandong,shandong
female,20150521,1d,2015,yunan,shandong
male,20150112,1d,2015,shandong,shandong
female,,5d,2015,shandong,shandong
male,,0.5y,2015,shandong,shandong
male,,1m,2015,shandong,shandong
female,,0.5y,2015,fujian,shandong
male,,1d,2015,shandong,shandong
male,20150914,1d,2015,shandong,shandong
male,,0.5y,2015,sichuan,shandong
male,,0.5y,2015,sichuan,shandong
male,,1m,2015,shandong,shandong
female,,0.5y,2015,shandong,shandong
female,,0.5y,2015,shandong,shandong
male,,0.5y,2015,shandong,shandong
female,,0.5y,2015,sichuan,shandong
male,20151005,1d,2015,shandong,jiangsu
male,,0.5y,2015,sichuan,shandong
male,,0.5y,2015,sichuan,shandong
female,,25d,2015,shandong,jiangsu
male,,1d,2015,shandong,shandong
female,,5d,2015,shandong,shandong
male,20150222,1d,2015,shandong,shandong
male,20150101,29d,2015,shandong,shandong
male,,1d,2015,shandong,shandong
male,,0.5y,2015,sichuan,shandong
male,,5d,2015,sichuan,shandong
male,,1d,2015,sichuan,shandong
male,,1d,2015,sichuan,shandong
female,,1d,2015,sichuan,shandong
female,,1d,2015,sichuan,shandong
male,,1d,2015,sichuan,shandong
male,,3d,2015,sichuan,shandong
female,20150717,12d,2015,shandong,shandong
male,20150511,3d,2015,shandong,shandong
male,,0.5y,2015,sichuan,henan
male,20150429,1d,2015,henan,henan
female,,,2015,henan,henan
male,20150712,2d,2015,henan,henan
male,20150308,1d,2015,henan,henan
female,20150921,1m,2015,henan,henan
male,,0.5y,2015,shanxi,henan
male,,20d,2015,shandong,henan
female,,1d,2015,hunan,hunan
male,,8m,2015,hunan,hunan
male,,25d,2015,yunan,guangdong
female,20150611,1d,2015,guangdong,guangdong
female,,10d,2015,fujian,guangdong
male,20150501,3d,2015,yunan,guangdong
male,20150501,3d,2015,yunan,guangdong
male,,2y,2015,guangdong,guangdong
male,20150119,1d,2015,guangdong,guangdong
male,20150303,1d,2015,guangdong,guangdong
male,20150616,1d,2015,guangxi,guangxi
male,20150622,5d,2015,guangxi,guangxi
male,20150331,1d,2015,yunan,guangdong
,20110101,4y,2015,guangxi,guangxi
male,20130101,2y,2015,guangxi,hubei
female,20140823,11m,2015,海南,海南
female,20150901,7d,2015,shanxi,shanxi
male,20140221,2.5y,2015,shanxi,shandong
male,,3d,2015,sichuan,henan
female,,3d,2015,sichuan,henan
female,,3d,2015,sichuan,henan
male,,3d,2015,sichuan,henan
male,,3d,2015,sichuan,shandong
female,,3d,2015,sichuan,henan
female,20150731,4d,2015,shanxi,shanxi
male,20140101,1.5y,2015,shanxi,shanxi
female,20140401,16m,2015,shanxi,shanxi
male,,0.5y,2015,sichuan,shandong
female,,0.5y,2015,sichuan,shandong
male,,0.5y,2015,sichuan,shandong
female,,0.5y,2015,sichuan,shandong
male,,0.5y,2015,sichuan,shandong
male,,28d,2015,sichuan,shandong
female,,28d,2015,sichuan,shandong
male,20150311,1d,2015,sichuan,sichuan
female,,0.5y,2015,sichuan,shandong
male,,0.5y,2015,sichuan,shandong
male,,20d,2015,sichuan,shandong
male,20141029,5m,2015,sichuan,sichuan
,,未出生,2015,sichuan,henan
female,,3y,2015,sichuan,henan
male,,0.5y,2015,sichuan,shandong
male,,0.5y,2015,sichuan,shandong
female,,0.5y,2015,sichuan,shandong
male,,0.5y,2015,sichuan,shandong
female,20150111,5m,2015,sichuan,sichuan
male,,0.5y,2015,yunan,yunan
male,20140430,1.5y,2015,yunan,yunan
male,,1m,2015,yunan,guangdong
male,20150501,1m,2015,yunan,fujian
male,20051007,9y,2015,yunan,guangdong
male,,10d,2015,yunan,guangdong
female,,3y,2015,guizhou,zhejiang
male,20150713,1d,2015,chongqing,chongqing
female,20150121,5d,2015,chongqing,chongqing
male,,,2015,guangdong,guangdong
male,,,2015,guangdong,guangdong
male,,,2015,guangdong,guangdong
female,,,2015,yunan,guangdong
male,,,2015,yunan,guangdong
female,,,2015,yunan,hebei
female,,,2015,yunan,hebei
female,,,2015,yunan,hebei
male,,,2015,yunan,hebei
female,,,2015,yunan,hebei
female,,,2015,hebei,hebei
female,,,2015,hebei,hebei
male,,,2015,hebei,zhejiang
female,,,2015,zhejiang,zhejiang
male,,,2015,zhejiang,zhejiang
male,,,2015,zhejiang,zhejiang
male,,,2015,sichuan,fujian
male,,,2015,fujian,fujian
male,,,2015,fujian,fujian
male,,,2015,fujian,fujian
male,,,2015,fujian,fujian
male,,,2015,fujian,fujian
male,,,2015,sichuan,fujian
male,,,2015,sichuan,fujian
male,,,2015,sichuan,fujian
male,,,2015,sichuan,fujian
male,,,2015,sichuan,fujian
male,,,2015,sichuan,fujian
male,,,2015,sichuan,fujian
male,,,2015,sichuan,fujian
male,,,2015,sichuan,fujian
male,,,2015,sichuan,fujian
male,,,2015,sichuan,fujian
female,,,2015,fujian,fujian
male,,,2015,yunan,fujian
female,,13y,2015,jiangxi,jiangxi
male,,,2015,shandong,shandong
male,,,2015,shandong,shandong
female,,,2015,shandong,shandong
male,,,2015,shandong,shandong
female,,,2015,shandong,shandong
male,,,2015,hubei,hubei
male,,,2015,shanxi,shandong
male,,,2015,shanxi,shandong
male,,,2015,shanxi,shandong
male,,,2015,shanxi,shandong
female,,,2015,shanxi,shandong
female,,,2015,sichuan,shandong
female,,,2015,sichuan,sichuan
female,,,2015,guizhou,guizhou
male,,,2015,yunan,fujian
male,,,2015,shanxi,shandong
female,,,2015,shanxi,shanxi
male,,,2015,guangxi,guangdong
male,,,2015,sichuan,sichuan
male,,4m,2016,hebei,hebei
male,,,2016,hebei,hebei
female,20151225,10d,2016,jiangsu,jiangsu
female,20160330,1d,2016,jiangsu,jiangsu
male,20160406,1d,2016,jiangsu,jiangsu
male,20160423,23d,2016,jiangsu,jiangsu
female,20160117,5d,2016,henan,jiangsu
female,,0.5y,2016,zhejiang,jiangsu
female,20160820,105d,2016,zhejiang,zhejiang
female,20150201,1y,2016,zhejiang,zhejiang
female,20150301,1,2016,anhui,fujian
male,20060220,1d,2016,anhui,anhui
female,20100101,5y,2016,anhui,hebei
male,20160223,11d,2016,fujian,fujian
male,20160218,12d,2016,fujian,fujian
male,,20d,2016,sichuan,fujian
female,20160106,1d,2016,jiangxi,hunan
female,20110313,5y,2016,shandong,shandong
male,,3d,2016,shandong,shandong
female,,2d,2016,shandong,shandong
male,20160623,1d,2016,henan,shandong
female,,0.5y,2016,shandong,shandong
male,20160821,8d,2016,henan,henan
female,,2m,2016,hubei,hubei
male,,,2016,guangdong,guangdong
female,20160901,2m,2016,guangdong,guangdong
male,20160423,2d,2016,guangdong,guangdong
male,20120101,4y,2016,guangdong,guangdong
male,20160119,1d,2016,guangdong,guangdong
male,20150301,13m,2016,guangxi,guangdong
female,20101223,5y,2016,sichuan,jiangsu
male,,8d,2016,sichuan,shanxi
female,,0.5y,2016,sichuan,shanxi
female,,0.5y,2016,sichuan,shandong
female,,0.5y,2016,sichuan,shandong
male,20150911,5m,2016,sichuan,sichuan
female,,3y,2016,sichuan,sichuan
male,,0.5y,2016,yunan,yunan
male,20160928,18d,2016,yunan,guangdong
female,20160928,18d,2016,yunan,guangdong
female,,0.5y,2016,yunan,fujian
male,,0.5y,2016,yunan,guangdong
female,,0.5y,2016,yunan,yunan
female,,,2016,tianjin,tianjin
male,,,2016,guangdong,guangdong
male,,,2016,guangdong,guangdong
female,,,2016,guangdong,guangdong
male,,,2016,guangdong,guangdong
female,,,2016,guangdong,guangdong
male,,,2016,guangdong,guangdong
female,,,2016,guangdong,guangdong
female,,,2016,guangdong,guangdong
male,,,2016,guangdong,hunan
female,,,2016,yunan,hebei
male,,,2016,hebei,hebei
male,,,2016,hebei,hebei
female,,,2016,shandong,hebei
male,,,2016,anhui,anhui
female,,,2016,anhui,anhui
female,,,2016,yunan,fujian
male,,,2016,sichuan,fujian
male,,,2016,zhejiang,fujian
male,,,2016,fujian,fujian
female,,,2016,fujian,fujian
female,,,2016,fujian,fujian
female,,,2016,fujian,fujian
male,,,2016,fujian,fujian
male,,,2016,fujian,fujian
female,,,2016,fujian,fujian
female,,,2016,fujian,fujian
female,,,2016,fujian,fujian
female,,,2016,fujian,fujian
female,,,2016,fujian,fujian
male,,,2016,fujian,fujian
male,,,2016,fujian,jiangxi
male,,,2016,fujian,jiangxi
male,,,2016,fujian,jiangxi
male,,,2016,jiangxi,jiangxi
female,,,2016,shandong,shandong
female,,,2016,yunan,shandong
male,,,2016,shanxi,shandong
female,,,2016,shanxi,shandong
male,,,2016,shanxi,shandong
female,,,2016,shanxi,shandong
male,,,2016,shanxi,shandong
male,,,2016,shanxi,shandong
male,,,2016,shandong,shandong
male,,,2016,yunan,shandong
male,,,2016,henan,henan
male,,,2016,shanxi,henan
female,,,2016,shanxi,shandong
male,,,2016,yunan,guangdong
female,,,2016,yunan,zhejiang
female,,,2016,yunan,zhejiang
female,,,2016,yunan,zhejiang
male,,,2016,yunan,zhejiang
male,,,2016,yunan,fujian
male,,,2016,yunan,yunan
female,,,2016,yunan,guangxi
male,,,2016,shanxi,shanxi
female,,,2016,neimenggu,neimenggu
male,,,2016,guangdong,guangdong
male,,,2016,hebei,hebei
male,,,2016,henan,henan
female,,,2016,shanxi,henan
male,20170331,3d,2017,sichuan,fujian
male,20170330,3d,2017,sichuan,fujian
male,20160830,4m,2017,shandong,shandong
female,,,2017,henan,henan
male,,,2017,guangdong,guangdong
male,,,2017,guangdong,guangdong
female,,1m,2017,guangdong,guangdong
male,,,2017,guangdong,guangdong
male,,,2017,guangdong,guangdong
male,,,2017,guangdong,guangdong
female,,,2017,hebei,hebei
male,,,2017,hebei,hebei
male,,,2017,hebei,hebei
female,,,2017,hebei,hebei
male,,,2017,jiangsu,jiangsu
male,,,2017,jiangsu,jiangsu
female,,,2017,zhejiang,zhejiang
male,,,2017,zhejiang,zhejiang
female,,,2017,fujian,shanghai
male,,,2017,sichuan,fujian
female,,,2017,fujian,fujian
male,,,2017,sichuan,fujian
female,,,2017,sichuan,shandong
male,,,2017,sichuan,shandong
male,,,2017,sichuan,shandong
male,,,2017,sichuan,shandong
male,,,2017,sichuan,shandong
male,,,2017,sichuan,shandong
male,,,2017,sichuan,shandong
female,,,2017,sichuan,shandong
male,,,2017,shandong,shandong
male,,,2017,shandong,shandong
female,,,2017,shandong,shandong
female,,,2017,henan,henan
male,,,2017,shanxi,shandong
female,,,2017,chongqing,yunan
female,,,2017,sichuan,shandong
male,,,2017,sichuan,shandong
male,,,2017,sichuan,shandong
female,,,2017,sichuan,shandong
female,,,2017,yunan,shanxi
female,,,2017,sichuan,shandong
male,,,2017,sichuan,shandong
female,,,2017,sichuan,shandong
female,,,2017,sichuan,shandong
female,,,2017,sichuan,shandong
male,,,2017,guizhou,fujian
female,,,2017,yunan,yunan
female,,,2017,yunan,yunan
female,,,2017,yunan,hebei
female,,,2017,shanxi,shanxi
male,,,2017,gansu,gansu
male,,,2017,gansu,gansu
male,,,2017,guangxi,guizhou
male,,,2017,guangdong,guangdong
female,,,2017,sichuan,shandong
male,,,2017,sichuan,shandong
male,,,2017,sichuan,shandong